"PE","TIM","DI_0 Cnt","DI_1","DI_2","DI_3","DO_0","DO_1","DO_2","DO_3"
P   ,2025-04-07T07:12:58+08:00,         0,0,0,0,0,0,0,0
P   ,2025-04-07T07:13:19+08:00,         0,0,0,0,0,0,0,0
P   ,2025-04-07T07:13:46+08:00,         0,0,0,0,0,0,0,0
P   ,2025-04-07T07:14:10+08:00,         0,0,0,0,0,0,0,0
P   ,2025-04-07T07:14:49+08:00,         0,0,0,0,0,0,0,0
P   ,2025-04-07T07:15:13+08:00,         0,0,0,0,0,0,0,0
P   ,2025-04-07T07:15:55+08:00,         0,0,0,0,0,0,0,0
P   ,2025-04-07T07:16:21+08:00,         0,0,0,0,0,0,0,0
P   ,2025-04-07T07:17:04+08:00,         0,0,0,0,0,0,0,0
P   ,2025-04-07T07:17:53+08:00,         0,0,0,0,0,0,0,0
P   ,2025-04-07T07:18:37+08:00,         0,0,0,0,0,0,0,0
P   ,2025-04-07T07:19:03+08:00,         0,0,0,0,0,0,0,0
P   ,2025-04-07T07:19:47+08:00,         0,0,0,0,0,0,0,0
P   ,2025-04-07T07:20:13+08:00,         0,0,0,0,0,0,0,0
P   ,2025-04-07T07:20:57+08:00,         0,0,0,0,0,0,0,0
P   ,2025-04-07T07:21:21+08:00,         0,0,0,0,0,0,0,0
P   ,2025-04-07T07:22:03+08:00,         0,0,0,0,0,0,0,0
P   ,2025-04-07T07:22:29+08:00,         0,0,0,0,0,0,0,0
P   ,2025-04-07T07:23:14+08:00,         0,0,0,0,0,0,0,0
P   ,2025-04-07T07:24:08+08:00,         0,0,0,0,0,0,0,0
P   ,2025-04-07T07:24:51+08:00,         0,0,0,0,0,0,0,0
P   ,2025-04-07T07:25:22+08:00,         0,0,0,0,0,0,0,0
P   ,2025-04-07T07:26:11+08:00,         0,0,0,0,0,0,0,0
P   ,2025-04-07T07:27:01+08:00,         0,0,0,0,0,0,0,0
P   ,2025-04-07T07:27:48+08:00,         0,0,0,0,0,0,0,0
P   ,2025-04-07T07:37:48+08:00,         0,0,0,0,0,0,0,0
